{
  "rmse": 0.12525659448325158,
  "mae": 0.07981869331856652,
  "r2": 0.8577831997359312,
  "per_element_spearman": {
    "macro": 0.5523502741969215,
    "per_element": {
      "Cerium": 0.728251770259638,
      "Dysprosium": 0.5999685287175451,
      "Erbium": 0.5379655010742647,
      "Europium": 0.40608403789828074,
      "Gadolinium": 0.5567458693941778,
      "Holmium": 0.5143225806451612,
      "Lanthanum": 0.7831376868607395,
      "Lutetium": 0.5306956119479056,
      "Neodymium": 0.603973280677703,
      "Praseodymium": 0.7357793123290647,
      "Samarium": 0.12099056061512155,
      "Terbium": 0.5842328874901652,
      "Thulium": 0.5449238235237798,
      "Ytterbium": 0.5406972169884117,
      "Yttrium": 0.49748544453186455
    },
    "skipped_elements": []
  },
  "per_variant_spearman": {
    "macro": 0.9371715293354652,
    "per_variant": {
      "o-10": 0.9347635546721791,
      "o-102": 0.6535714285714285,
      "o-107": 0.9892536661710624,
      "o-109": 0.9569953944480929,
      "o-11": 0.9498268896207664,
      "o-111": 0.9856694137573991,
      "o-113": 0.9569953944480929,
      "o-114": 0.9820851613437358,
      "o-122": 0.9856694137573991,
      "o-124": 0.9820851613437358,
      "o-128": 0.9964221709983889,
      "o-139": 0.9892536661710624,
      "o-144": 0.9964221709983889,
      "o-145": 0.9928379185847258,
      "o-15": 0.9892536661710624,
      "o-150": 0.9820851613437358,
      "o-153": 0.9856694137573991,
      "o-154": 0.9892536661710624,
      "o-16": 0.9820851613437358,
      "o-162": 0.9713324041027462,
      "o-163": 0.9964221709983889,
      "o-168": 0.9856694137573991,
      "o-171": 0.9892536661710624,
      "o-174": 0.9677481516890828,
      "o-18": 0.9820851613437358,
      "o-194": 0.9964221709983889,
      "o-195": 0.9785009089300726,
      "o-199": 0.9785009089300726,
      "o-205": 0.9856694137573991,
      "o-213": 0.9820851613437358,
      "o-229": 0.9856694137573991,
      "o-230": 0.9354898799661135,
      "o-233": 0.9856694137573991,
      "o-234": 0.9856694137573991,
      "o-24": 0.8954427168083399,
      "o-241": 0.9820851613437358,
      "o-244": 0.9856694137573991,
      "o-247": 0.9605796468617562,
      "o-252": 0.9713324041027462,
      "o-259": 0.9856694137573991,
      "o-272": 0.9820851613437358,
      "o-275": 0.9928379185847258,
      "o-276": 0.9677481516890828,
      "o-281": 0.9856694137573991,
      "o-282": 0.9713324041027462,
      "o-284": 0.9856694137573991,
      "o-285": 0.9283213751387869,
      "o-296": 0.9820851613437358,
      "o-299": 0.9820851613437358,
      "o-316": 0.9928379185847258,
      "o-318": 0.9820851613437358,
      "o-320": 0.9713324041027462,
      "o-341": 0.9856694137573991,
      "o-344": 0.9749166565164095,
      "o-346": 0.9677481516890828,
      "o-348": 0.9856694137573991,
      "o-35": 0.9820851613437358,
      "o-351": 0.9605796468617562,
      "o-354": 0.9892536661710624,
      "o-36": 0.9785009089300726,
      "o-365": 0.9856694137573991,
      "o-369": 0.9892536661710624,
      "o-370": 0.7598615116966132,
      "o-378": 0.9426583847934399,
      "o-38": 0.9068158606568072,
      "o-380": 0.9204650681762376,
      "o-387": 0.9749166565164095,
      "o-395": 0.9820851613437358,
      "o-4": 0.95,
      "o-404": 0.9928379185847258,
      "o-418": 0.9749166565164095,
      "o-44": 0.9249999999999998,
      "o-445": 0.9749166565164095,
      "o-448": 0.9534111420344299,
      "o-45": 0.9785714285714284,
      "o-46": 0.9633605276640623,
      "o-462": 0.9928379185847258,
      "o-463": 0.8351308123835418,
      "o-467": 0.9892536661710624,
      "o-469": 0.9856694137573991,
      "o-475": 0.9820851613437358,
      "o-479": 0.3154142124023677,
      "o-488": 0.9892536661710624,
      "o-495": 0.9892536661710624,
      "o-496": 0.9892536661710624,
      "o-501": 0.9892536661710624,
      "o-504": 0.9892536661710624,
      "o-506": 0.9820851613437358,
      "o-507": 0.9713324041027462,
      "o-516": 0.9820851613437358,
      "o-517": 0.9785009089300726,
      "o-519": 0.9820851613437358,
      "o-523": 0.9856694137573991,
      "o-525": 0.9964221709983889,
      "o-527": 0.9856694137573991,
      "o-536": 0.8785714285714284,
      "o-545": 0.9633605276640623,
      "o-551": 0.6678571428571428,
      "o-56": 0.9820851613437358,
      "o-569": 0.9785009089300726,
      "o-570": 0.7178571428571427,
      "o-571": 0.8285714285714284,
      "o-581": 0.911528514116274,
      "o-582": 0.795353311336749,
      "o-583": 0.8739949870644275,
      "o-584": 0.929401622236201,
      "o-587": 0.8328868383885956,
      "o-589": 0.9454874195441353,
      "o-591": 0.9749166565164095,
      "o-60": 0.9928379185847258,
      "o-601": 0.8749999999999999,
      "o-603": 0.6219841625734577,
      "o-604": 0.8428571428571429,
      "o-612": 0.7113497031730923,
      "o-613": 0.6595176896253042,
      "o-617": 0.9713324041027462,
      "o-63": 0.9964221709983889,
      "o-67": 0.9964221709983889,
      "o-73": 0.9928379185847258,
      "o-79": 0.9677481516890828,
      "o-9": 0.7455245020419601,
      "o-92": 0.7885355310059193,
      "o-96": 0.3763465034346434,
      "o-97": 0.9892536661710624
    },
    "skipped_variants": []
  },
  "winning_params": {
    "colsample_bytree": 0.7852219872026998,
    "learning_rate": 0.06635356414116586,
    "max_depth": 7,
    "min_child_weight": 8,
    "reg_alpha": 1.6698184041729127,
    "reg_lambda": 2.930394563345043,
    "subsample": 0.815876852955632
  },
  "final_n_estimators": 74,
  "best_iteration_per_fold": [
    89,
    73,
    59,
    83,
    50
  ],
  "mean_cv_score": 0.5746437155389066,
  "std_cv_score": 0.0375532486310923,
  "n_trials": 50,
  "n_outer_folds": 5,
  "seed": 42
}